Suite/Test/Step Name,Browser,Description,Start time,End time,Duration,Status
ABSA,,,2018-11-16 13:52:04,2018-11-16 13:52:08,4.544s,PASSED
,,,,,,
Test Cases/assessment testcase/list of breed,,,2018-11-16 13:52:04,2018-11-16 13:52:06,1.656s,PASSED
Statement - response = com.kms.katalon.core.webservice.keyword.WSBuiltInKeywords.sendRequest(com.kms.katalon.core.testobject.ObjectRepository.findTestObject(THEassessment/Requesting list of breeds)),,,2018-11-16 13:52:05,2018-11-16 13:52:06,1.212s,PASSED
verifyResponseStatusCode,,,2018-11-16 13:52:06,2018-11-16 13:52:06,0.023s,PASSED
,,,,,,
Test Cases/assessment testcase/verify the retrieve,,,2018-11-16 13:52:06,2018-11-16 13:52:07,0.637s,PASSED
Statement - a = com.kms.katalon.core.webservice.keyword.WSBuiltInKeywords.sendRequest(com.kms.katalon.core.testobject.ObjectRepository.findTestObject(THEassessment/Requesting list of breeds)),,,2018-11-16 13:52:06,2018-11-16 13:52:07,0.403s,PASSED
verifyResponseStatusCode,,,2018-11-16 13:52:07,2018-11-16 13:52:07,0.006s,PASSED
containsString,,,2018-11-16 13:52:07,2018-11-16 13:52:07,0.014s,PASSED
,,,,,,
Test Cases/assessment testcase/verify image for golden,,this for them bitches!!!!!!!!,2018-11-16 13:52:07,2018-11-16 13:52:07,0.550s,PASSED
Statement - b = com.kms.katalon.core.webservice.keyword.WSBuiltInKeywords.sendRequest(com.kms.katalon.core.testobject.ObjectRepository.findTestObject(THEassessment/request image for Golden)),,,2018-11-16 13:52:07,2018-11-16 13:52:07,0.414s,PASSED
verifyResponseStatusCode,,,2018-11-16 13:52:07,2018-11-16 13:52:07,0.005s,PASSED
,,,,,,
Test Cases/assessment testcase/verify Sub-breeds,,,2018-11-16 13:52:07,2018-11-16 13:52:08,0.509s,PASSED
Statement - dream = com.kms.katalon.core.webservice.keyword.WSBuiltInKeywords.sendRequest(com.kms.katalon.core.testobject.ObjectRepository.findTestObject(THEassessment/request sub-breeds list)),,,2018-11-16 13:52:07,2018-11-16 13:52:08,0.283s,PASSED
verifyResponseStatusCode,,,2018-11-16 13:52:08,2018-11-16 13:52:08,0.002s,PASSED
