{"devicePlatform":"","logFolder":"C:\\Users\\HP\\Katalon Studio\\ally\\Reports\\MyTestSuite\\ABSA\\20181116_111454","runData":{"hostName":"HP - LUTHULCOMP1","hostAddress":"192.168.1.134","os":"Windows 7 64bit","katalonVersion":"5.8.6.1"},"type":"TEST_SUITE","name":"ABSA","id":"Test Suites/MyTestSuite/ABSA","source":"","message":"Test Cases/assessment testcase/verify the retrieve","description":"","startTime":1542359696683,"endTime":1542359705785,"childRecords":[{"isOptional":false,"type":"TEST_CASE","name":"Test Cases/assessment testcase/list of breed","id":"Test Cases/assessment testcase/list of breed","source":"C:\\\\Users\\\\HP\\\\Katalon Studio\\\\ally\\\\Test Cases\\\\assessment testcase\\\\list of breed.tc","message":"Test Cases/assessment testcase/list of breed","description":"","startTime":1542359697082,"endTime":1542359705009,"childRecords":[{"testStatus":{"stackTrace":"","statusValue":"INFO"},"type":"MESSAGE","name":"","message":"Evaluating variables for test case","startTime":1542359697115,"endTime":0,"childRecords":[],"interuppted":false},{"index":1,"isIgnoredIfFailed":false,"type":"TEST_STEP","name":"Statement - response \u003d com.kms.katalon.core.webservice.keyword.WSBuiltInKeywords.sendRequest(com.kms.katalon.core.testobject.ObjectRepository.findTestObject(THEassessment/Requesting list of breeds))","message":"Send request successfully","description":"","startTime":1542359697487,"endTime":1542359704861,"childRecords":[{"testStatus":{"stackTrace":"","statusValue":"PASSED"},"type":"MESSAGE","name":"","message":"Send request successfully","startTime":1542359704860,"endTime":0,"childRecords":[],"interuppted":false}],"interuppted":false},{"index":2,"isIgnoredIfFailed":false,"type":"TEST_STEP","name":"verifyResponseStatusCode","message":"Verify response status code successfully","description":"","startTime":1542359704862,"endTime":1542359704928,"childRecords":[{"testStatus":{"stackTrace":"","statusValue":"PASSED"},"type":"MESSAGE","name":"","message":"Verify response status code successfully","startTime":1542359704926,"endTime":0,"childRecords":[],"interuppted":false}],"interuppted":false},{"index":3,"isIgnoredIfFailed":false,"type":"TEST_STEP","name":"verifyElementPropertyValue","message":"Verify element property value successfully","description":"","startTime":1542359704929,"endTime":1542359705008,"childRecords":[{"testStatus":{"stackTrace":"","statusValue":"PASSED"},"type":"MESSAGE","name":"","message":"Verify element property value successfully","startTime":1542359705007,"endTime":0,"childRecords":[],"interuppted":false}],"interuppted":false},{"testStatus":{"stackTrace":"","statusValue":"PASSED"},"type":"MESSAGE","name":"","message":"Test Cases/assessment testcase/list of breed","startTime":1542359705008,"endTime":0,"childRecords":[],"interuppted":false}],"interuppted":false},{"isOptional":false,"type":"TEST_CASE","name":"Test Cases/assessment testcase/verify the retrieve","id":"Test Cases/assessment testcase/verify the retrieve","source":"C:\\\\Users\\\\HP\\\\Katalon Studio\\\\ally\\\\Test Cases\\\\assessment testcase\\\\verify the retrieve.tc","message":"Test Cases/assessment testcase/verify the retrieve","description":"","startTime":1542359705014,"endTime":1542359705755,"childRecords":[{"testStatus":{"stackTrace":"","statusValue":"INFO"},"type":"MESSAGE","name":"","message":"Evaluating variables for test case","startTime":1542359705023,"endTime":0,"childRecords":[],"interuppted":false},{"index":1,"isIgnoredIfFailed":false,"type":"TEST_STEP","name":"Statement - a \u003d com.kms.katalon.core.webservice.keyword.WSBuiltInKeywords.sendRequest(com.kms.katalon.core.testobject.ObjectRepository.findTestObject(THEassessment/Requesting list of breeds))","message":"Send request successfully","description":"","startTime":1542359705228,"endTime":1542359705736,"childRecords":[{"testStatus":{"stackTrace":"","statusValue":"PASSED"},"type":"MESSAGE","name":"","message":"Send request successfully","startTime":1542359705734,"endTime":0,"childRecords":[],"interuppted":false}],"interuppted":false},{"index":2,"isIgnoredIfFailed":false,"type":"TEST_STEP","name":"verifyResponseStatusCode","message":"Verify response status code successfully","description":"","startTime":1542359705736,"endTime":1542359705741,"childRecords":[{"testStatus":{"stackTrace":"","statusValue":"PASSED"},"type":"MESSAGE","name":"","message":"Verify response status code successfully","startTime":1542359705740,"endTime":0,"childRecords":[],"interuppted":false}],"interuppted":false},{"index":3,"isIgnoredIfFailed":false,"type":"TEST_STEP","name":"containsString","message":"Check contain string successfully","description":"","startTime":1542359705741,"endTime":1542359705750,"childRecords":[{"testStatus":{"stackTrace":"","statusValue":"PASSED"},"type":"MESSAGE","name":"","message":"Check contain string successfully","startTime":1542359705750,"endTime":0,"childRecords":[],"interuppted":false}],"interuppted":false},{"testStatus":{"stackTrace":"","statusValue":"PASSED"},"type":"MESSAGE","name":"","message":"Test Cases/assessment testcase/verify the retrieve","startTime":1542359705750,"endTime":0,"childRecords":[],"interuppted":false}],"interuppted":false}],"interuppted":false}