Suite/Test/Step Name,Browser,Description,Start time,End time,Duration,Status
ABSA,,,2018-11-20 09:16:24,2018-11-20 09:16:34,9.807s,PASSED
,,,,,,
Test Cases/assessment testcase/list of breed,,,2018-11-20 09:16:25,2018-11-20 09:16:31,6.191s,PASSED
Statement - response = com.kms.katalon.core.webservice.keyword.WSBuiltInKeywords.sendRequest(com.kms.katalon.core.testobject.ObjectRepository.findTestObject(THEassessment/Requesting list of breeds)),,,2018-11-20 09:16:25,2018-11-20 09:16:31,5.672s,PASSED
verifyResponseStatusCode,,,2018-11-20 09:16:31,2018-11-20 09:16:31,0.045s,PASSED
,,,,,,
Test Cases/assessment testcase/verify the retrieve,,,2018-11-20 09:16:31,2018-11-20 09:16:32,0.650s,PASSED
Statement - a = com.kms.katalon.core.webservice.keyword.WSBuiltInKeywords.sendRequest(com.kms.katalon.core.testobject.ObjectRepository.findTestObject(THEassessment/Requesting list of breeds)),,,2018-11-20 09:16:31,2018-11-20 09:16:32,0.415s,PASSED
verifyResponseStatusCode,,,2018-11-20 09:16:32,2018-11-20 09:16:32,0.003s,PASSED
containsString,,,2018-11-20 09:16:32,2018-11-20 09:16:32,0.015s,PASSED
,,,,,,
Test Cases/assessment testcase/verify image for golden,,this for them bitches!!!!!!!!,2018-11-20 09:16:32,2018-11-20 09:16:33,0.823s,PASSED
Statement - b = com.kms.katalon.core.webservice.keyword.WSBuiltInKeywords.sendRequest(com.kms.katalon.core.testobject.ObjectRepository.findTestObject(THEassessment/request image for Golden)),,,2018-11-20 09:16:32,2018-11-20 09:16:33,0.485s,PASSED
verifyResponseStatusCode,,,2018-11-20 09:16:33,2018-11-20 09:16:33,0.002s,PASSED
,,,,,,
Test Cases/assessment testcase/verify Sub-breeds,,,2018-11-20 09:16:33,2018-11-20 09:16:33,0.757s,PASSED
Statement - dream = com.kms.katalon.core.webservice.keyword.WSBuiltInKeywords.sendRequest(com.kms.katalon.core.testobject.ObjectRepository.findTestObject(THEassessment/request sub-breeds list)),,,2018-11-20 09:16:33,2018-11-20 09:16:33,0.482s,PASSED
verifyResponseStatusCode,,,2018-11-20 09:16:33,2018-11-20 09:16:33,0.003s,PASSED
