Suite/Test/Step Name,Browser,Description,Start time,End time,Duration,Status
ABSA,,,2018-11-16 11:14:56,2018-11-16 11:15:05,9.102s,PASSED
,,,,,,
Test Cases/assessment testcase/list of breed,,,2018-11-16 11:14:57,2018-11-16 11:15:05,7.927s,PASSED
Statement - response = com.kms.katalon.core.webservice.keyword.WSBuiltInKeywords.sendRequest(com.kms.katalon.core.testobject.ObjectRepository.findTestObject(THEassessment/Requesting list of breeds)),,,2018-11-16 11:14:57,2018-11-16 11:15:04,7.374s,PASSED
verifyResponseStatusCode,,,2018-11-16 11:15:04,2018-11-16 11:15:04,0.066s,PASSED
verifyElementPropertyValue,,,2018-11-16 11:15:04,2018-11-16 11:15:05,0.079s,PASSED
,,,,,,
Test Cases/assessment testcase/verify the retrieve,,,2018-11-16 11:15:05,2018-11-16 11:15:05,0.741s,PASSED
Statement - a = com.kms.katalon.core.webservice.keyword.WSBuiltInKeywords.sendRequest(com.kms.katalon.core.testobject.ObjectRepository.findTestObject(THEassessment/Requesting list of breeds)),,,2018-11-16 11:15:05,2018-11-16 11:15:05,0.508s,PASSED
verifyResponseStatusCode,,,2018-11-16 11:15:05,2018-11-16 11:15:05,0.005s,PASSED
containsString,,,2018-11-16 11:15:05,2018-11-16 11:15:05,0.009s,PASSED
