Suite/Test/Step Name,Browser,Description,Start time,End time,Duration,Status
ABSA,,,2018-11-26 11:48:11,2018-11-26 11:48:18,7.012s,PASSED
,,,,,,
Test Cases/assessment testcase/list of breed,,,2018-11-26 11:48:12,2018-11-26 11:48:16,3.882s,PASSED
Statement - response = com.kms.katalon.core.webservice.keyword.WSBuiltInKeywords.sendRequest(com.kms.katalon.core.testobject.ObjectRepository.findTestObject(THEassessment/Requesting list of breeds)),,,2018-11-26 11:48:12,2018-11-26 11:48:16,3.408s,PASSED
verifyResponseStatusCode,,,2018-11-26 11:48:16,2018-11-26 11:48:16,0.046s,PASSED
,,,,,,
Test Cases/assessment testcase/verify the retrieve,,,2018-11-26 11:48:16,2018-11-26 11:48:17,0.761s,PASSED
Statement - a = com.kms.katalon.core.webservice.keyword.WSBuiltInKeywords.sendRequest(com.kms.katalon.core.testobject.ObjectRepository.findTestObject(THEassessment/Requesting list of breeds)),,,2018-11-26 11:48:16,2018-11-26 11:48:17,0.430s,PASSED
verifyResponseStatusCode,,,2018-11-26 11:48:17,2018-11-26 11:48:17,0.016s,PASSED
containsString,,,2018-11-26 11:48:17,2018-11-26 11:48:17,0.024s,PASSED
,,,,,,
Test Cases/assessment testcase/verify image for golden,,this for them bitches!!!!!!!!,2018-11-26 11:48:17,2018-11-26 11:48:17,0.743s,PASSED
Statement - b = com.kms.katalon.core.webservice.keyword.WSBuiltInKeywords.sendRequest(com.kms.katalon.core.testobject.ObjectRepository.findTestObject(THEassessment/request image for Golden)),,,2018-11-26 11:48:17,2018-11-26 11:48:17,0.445s,PASSED
verifyResponseStatusCode,,,2018-11-26 11:48:17,2018-11-26 11:48:17,0.008s,PASSED
,,,,,,
Test Cases/assessment testcase/verify Sub-breeds,,,2018-11-26 11:48:17,2018-11-26 11:48:18,0.646s,PASSED
Statement - dream = com.kms.katalon.core.webservice.keyword.WSBuiltInKeywords.sendRequest(com.kms.katalon.core.testobject.ObjectRepository.findTestObject(THEassessment/request sub-breeds list)),,,2018-11-26 11:48:18,2018-11-26 11:48:18,0.453s,PASSED
verifyResponseStatusCode,,,2018-11-26 11:48:18,2018-11-26 11:48:18,0.011s,PASSED
