{"devicePlatform":"","logFolder":"C:\\Users\\HP\\Katalon Studio\\ally\\Reports\\MyTestSuite\\ABSA\\20181126_114804","runData":{"hostName":"HP - LUTHULCOMP1","hostAddress":"192.168.1.134","os":"Windows 7 64bit","katalonVersion":"5.8.6.1"},"type":"TEST_SUITE","name":"ABSA","id":"Test Suites/MyTestSuite/ABSA","source":"","message":"Test Cases/assessment testcase/verify Sub-breeds","description":"","startTime":1543225691648,"endTime":1543225698660,"childRecords":[{"isOptional":false,"type":"TEST_CASE","name":"Test Cases/assessment testcase/list of breed","id":"Test Cases/assessment testcase/list of breed","source":"C:\\\\Users\\\\HP\\\\Katalon Studio\\\\ally\\\\Test Cases\\\\assessment testcase\\\\list of breed.tc","message":"Test Cases/assessment testcase/list of breed","description":"","startTime":1543225692374,"endTime":1543225696256,"childRecords":[{"testStatus":{"stackTrace":"","statusValue":"INFO"},"type":"MESSAGE","name":"","message":"Evaluating variables for test case","startTime":1543225692427,"endTime":0,"childRecords":[],"interuppted":false},{"index":1,"isIgnoredIfFailed":false,"type":"TEST_STEP","name":"Statement - response \u003d com.kms.katalon.core.webservice.keyword.WSBuiltInKeywords.sendRequest(com.kms.katalon.core.testobject.ObjectRepository.findTestObject(THEassessment/Requesting list of breeds))","message":"Send request successfully","description":"","startTime":1543225692796,"endTime":1543225696204,"childRecords":[{"testStatus":{"stackTrace":"","statusValue":"PASSED"},"type":"MESSAGE","name":"","message":"Send request successfully","startTime":1543225696203,"endTime":0,"childRecords":[],"interuppted":false}],"interuppted":false},{"index":2,"isIgnoredIfFailed":false,"type":"TEST_STEP","name":"verifyResponseStatusCode","message":"Verify response status code successfully","description":"","startTime":1543225696206,"endTime":1543225696252,"childRecords":[{"testStatus":{"stackTrace":"","statusValue":"PASSED"},"type":"MESSAGE","name":"","message":"Verify response status code successfully","startTime":1543225696251,"endTime":0,"childRecords":[],"interuppted":false}],"interuppted":false},{"testStatus":{"stackTrace":"","statusValue":"PASSED"},"type":"MESSAGE","name":"","message":"Test Cases/assessment testcase/list of breed","startTime":1543225696254,"endTime":0,"childRecords":[],"interuppted":false}],"interuppted":false},{"isOptional":false,"type":"TEST_CASE","name":"Test Cases/assessment testcase/verify the retrieve","id":"Test Cases/assessment testcase/verify the retrieve","source":"C:\\\\Users\\\\HP\\\\Katalon Studio\\\\ally\\\\Test Cases\\\\assessment testcase\\\\verify the retrieve.tc","message":"Test Cases/assessment testcase/verify the retrieve","description":"","startTime":1543225696296,"endTime":1543225697057,"childRecords":[{"testStatus":{"stackTrace":"","statusValue":"INFO"},"type":"MESSAGE","name":"","message":"Evaluating variables for test case","startTime":1543225696343,"endTime":0,"childRecords":[],"interuppted":false},{"index":1,"isIgnoredIfFailed":false,"type":"TEST_STEP","name":"Statement - a \u003d com.kms.katalon.core.webservice.keyword.WSBuiltInKeywords.sendRequest(com.kms.katalon.core.testobject.ObjectRepository.findTestObject(THEassessment/Requesting list of breeds))","message":"Send request successfully","description":"","startTime":1543225696582,"endTime":1543225697012,"childRecords":[{"testStatus":{"stackTrace":"","statusValue":"PASSED"},"type":"MESSAGE","name":"","message":"Send request successfully","startTime":1543225697010,"endTime":0,"childRecords":[],"interuppted":false}],"interuppted":false},{"index":2,"isIgnoredIfFailed":false,"type":"TEST_STEP","name":"verifyResponseStatusCode","message":"Verify response status code successfully","description":"","startTime":1543225697014,"endTime":1543225697030,"childRecords":[{"testStatus":{"stackTrace":"","statusValue":"PASSED"},"type":"MESSAGE","name":"","message":"Verify response status code successfully","startTime":1543225697027,"endTime":0,"childRecords":[],"interuppted":false}],"interuppted":false},{"index":3,"isIgnoredIfFailed":false,"type":"TEST_STEP","name":"containsString","message":"Check contain string successfully","description":"","startTime":1543225697032,"endTime":1543225697056,"childRecords":[{"testStatus":{"stackTrace":"","statusValue":"PASSED"},"type":"MESSAGE","name":"","message":"Check contain string successfully","startTime":1543225697056,"endTime":0,"childRecords":[],"interuppted":false}],"interuppted":false},{"testStatus":{"stackTrace":"","statusValue":"PASSED"},"type":"MESSAGE","name":"","message":"Test Cases/assessment testcase/verify the retrieve","startTime":1543225697057,"endTime":0,"childRecords":[],"interuppted":false}],"interuppted":false},{"isOptional":false,"type":"TEST_CASE","name":"Test Cases/assessment testcase/verify image for golden","id":"Test Cases/assessment testcase/verify image for golden","source":"C:\\\\Users\\\\HP\\\\Katalon Studio\\\\ally\\\\Test Cases\\\\assessment testcase\\\\verify image for golden.tc","message":"Test Cases/assessment testcase/verify image for golden","description":"this for them bitches!!!!!!!!","startTime":1543225697071,"endTime":1543225697814,"childRecords":[{"testStatus":{"stackTrace":"","statusValue":"INFO"},"type":"MESSAGE","name":"","message":"Evaluating variables for test case","startTime":1543225697107,"endTime":0,"childRecords":[],"interuppted":false},{"index":1,"isIgnoredIfFailed":false,"type":"TEST_STEP","name":"Statement - b \u003d com.kms.katalon.core.webservice.keyword.WSBuiltInKeywords.sendRequest(com.kms.katalon.core.testobject.ObjectRepository.findTestObject(THEassessment/request image for Golden))","message":"Send request successfully","description":"","startTime":1543225697359,"endTime":1543225697804,"childRecords":[{"testStatus":{"stackTrace":"","statusValue":"PASSED"},"type":"MESSAGE","name":"","message":"Send request successfully","startTime":1543225697803,"endTime":0,"childRecords":[],"interuppted":false}],"interuppted":false},{"index":2,"isIgnoredIfFailed":false,"type":"TEST_STEP","name":"verifyResponseStatusCode","message":"Verify response status code successfully","description":"","startTime":1543225697805,"endTime":1543225697813,"childRecords":[{"testStatus":{"stackTrace":"","statusValue":"PASSED"},"type":"MESSAGE","name":"","message":"Verify response status code successfully","startTime":1543225697813,"endTime":0,"childRecords":[],"interuppted":false}],"interuppted":false},{"testStatus":{"stackTrace":"","statusValue":"PASSED"},"type":"MESSAGE","name":"","message":"Test Cases/assessment testcase/verify image for golden","startTime":1543225697814,"endTime":0,"childRecords":[],"interuppted":false}],"interuppted":false},{"isOptional":false,"type":"TEST_CASE","name":"Test Cases/assessment testcase/verify Sub-breeds","id":"Test Cases/assessment testcase/verify Sub-breeds","source":"C:\\\\Users\\\\HP\\\\Katalon Studio\\\\ally\\\\Test Cases\\\\assessment testcase\\\\verify Sub-breeds.tc","message":"Test Cases/assessment testcase/verify Sub-breeds","description":"","startTime":1543225697825,"endTime":1543225698471,"childRecords":[{"testStatus":{"stackTrace":"","statusValue":"INFO"},"type":"MESSAGE","name":"","message":"Evaluating variables for test case","startTime":1543225697844,"endTime":0,"childRecords":[],"interuppted":false},{"index":1,"isIgnoredIfFailed":false,"type":"TEST_STEP","name":"Statement - dream \u003d com.kms.katalon.core.webservice.keyword.WSBuiltInKeywords.sendRequest(com.kms.katalon.core.testobject.ObjectRepository.findTestObject(THEassessment/request sub-breeds list))","message":"Send request successfully","description":"","startTime":1543225698005,"endTime":1543225698458,"childRecords":[{"testStatus":{"stackTrace":"","statusValue":"PASSED"},"type":"MESSAGE","name":"","message":"Send request successfully","startTime":1543225698457,"endTime":0,"childRecords":[],"interuppted":false}],"interuppted":false},{"index":2,"isIgnoredIfFailed":false,"type":"TEST_STEP","name":"verifyResponseStatusCode","message":"Verify response status code successfully","description":"","startTime":1543225698459,"endTime":1543225698470,"childRecords":[{"testStatus":{"stackTrace":"","statusValue":"PASSED"},"type":"MESSAGE","name":"","message":"Verify response status code successfully","startTime":1543225698470,"endTime":0,"childRecords":[],"interuppted":false}],"interuppted":false},{"testStatus":{"stackTrace":"","statusValue":"PASSED"},"type":"MESSAGE","name":"","message":"Test Cases/assessment testcase/verify Sub-breeds","startTime":1543225698471,"endTime":0,"childRecords":[],"interuppted":false}],"interuppted":false}],"interuppted":false}