Suite/Test/Step Name,Browser,Description,Start time,End time,Duration,Status
ABSA,,,2018-11-16 10:28:41,2018-11-16 10:28:45,3.976s,FAILED
,,,,,,
Test Cases/TC01_REST_Verify Email from list of Comments,,Verify comment's email from,2018-11-16 10:28:41,2018-11-16 10:28:43,1.850s,PASSED
Statement - response = com.kms.katalon.core.webservice.keyword.WSBuiltInKeywords.sendRequest(com.kms.katalon.core.testobject.ObjectRepository.findTestObject(REST_CommentDetails)),,Send a SOAP request and returns its response,2018-11-16 10:28:42,2018-11-16 10:28:43,1.292s,PASSED
verifyElementPropertyValue,,Verify if comment's email after sending request is correct or not,2018-11-16 10:28:43,2018-11-16 10:28:43,0.098s,PASSED
,,,,,,
Test Cases/TC02_SOAP_Verify Converted Weight,,Verify if converted weight after sending request is correct or not,2018-11-16 10:28:43,2018-11-16 10:28:44,1.119s,FAILED
Statement - response = com.kms.katalon.core.webservice.keyword.WSBuiltInKeywords.sendRequest(com.kms.katalon.core.testobject.ObjectRepository.findTestObject(SOAP_ConvertWeight)),,Send a SOAP request and returns its response,2018-11-16 10:28:43,2018-11-16 10:28:44,0.881s,FAILED
