Suite/Test/Step Name,Browser,Description,Start time,End time,Duration,Status
ABSA,,,2018-11-26 13:52:38,2018-11-26 13:52:42,3.312s,PASSED
,,,,,,
Test Cases/assessment testcase/list of breed,,,2018-11-26 13:52:39,2018-11-26 13:52:40,1.441s,PASSED
Statement - response = com.kms.katalon.core.webservice.keyword.WSBuiltInKeywords.sendRequest(com.kms.katalon.core.testobject.ObjectRepository.findTestObject(THEassessment/Requesting list of breeds)),,,2018-11-26 13:52:39,2018-11-26 13:52:40,0.981s,PASSED
verifyResponseStatusCode,,,2018-11-26 13:52:40,2018-11-26 13:52:40,0.053s,PASSED
,,,,,,
Test Cases/assessment testcase/verify the retrieve,,,2018-11-26 13:52:40,2018-11-26 13:52:41,0.643s,PASSED
Statement - a = com.kms.katalon.core.webservice.keyword.WSBuiltInKeywords.sendRequest(com.kms.katalon.core.testobject.ObjectRepository.findTestObject(THEassessment/Requesting list of breeds)),,,2018-11-26 13:52:41,2018-11-26 13:52:41,0.407s,PASSED
verifyResponseStatusCode,,,2018-11-26 13:52:41,2018-11-26 13:52:41,0.001s,PASSED
containsString,,,2018-11-26 13:52:41,2018-11-26 13:52:41,0.039s,PASSED
,,,,,,
Test Cases/assessment testcase/verify Sub-breeds,,,2018-11-26 13:52:41,2018-11-26 13:52:42,0.485s,PASSED
Statement - dream = com.kms.katalon.core.webservice.keyword.WSBuiltInKeywords.sendRequest(com.kms.katalon.core.testobject.ObjectRepository.findTestObject(THEassessment/request sub-breeds list)),,,2018-11-26 13:52:41,2018-11-26 13:52:42,0.228s,PASSED
verifyResponseStatusCode,,,2018-11-26 13:52:42,2018-11-26 13:52:42,0.004s,PASSED
