{"devicePlatform":"","logFolder":"C:\\Users\\HP\\Katalon Studio\\ally\\Reports\\MyTestSuite\\ABSA\\20181126_135236","runData":{"hostName":"HP - LUTHULCOMP1","hostAddress":"192.168.1.134","os":"Windows 7 64bit","katalonVersion":"5.8.6.1"},"type":"TEST_SUITE","name":"ABSA","id":"Test Suites/MyTestSuite/ABSA","source":"","message":"Test Cases/assessment testcase/verify Sub-breeds","description":"","startTime":1543233158903,"endTime":1543233162215,"childRecords":[{"isOptional":false,"type":"TEST_CASE","name":"Test Cases/assessment testcase/list of breed","id":"Test Cases/assessment testcase/list of breed","source":"C:\\\\Users\\\\HP\\\\Katalon Studio\\\\ally\\\\Test Cases\\\\assessment testcase\\\\list of breed.tc","message":"Test Cases/assessment testcase/list of breed","description":"","startTime":1543233159404,"endTime":1543233160845,"childRecords":[{"testStatus":{"stackTrace":"","statusValue":"INFO"},"type":"MESSAGE","name":"","message":"Evaluating variables for test case","startTime":1543233159432,"endTime":0,"childRecords":[],"interuppted":false},{"index":1,"isIgnoredIfFailed":false,"type":"TEST_STEP","name":"Statement - response \u003d com.kms.katalon.core.webservice.keyword.WSBuiltInKeywords.sendRequest(com.kms.katalon.core.testobject.ObjectRepository.findTestObject(THEassessment/Requesting list of breeds))","message":"Send request successfully","description":"","startTime":1543233159807,"endTime":1543233160788,"childRecords":[{"testStatus":{"stackTrace":"","statusValue":"PASSED"},"type":"MESSAGE","name":"","message":"Send request successfully","startTime":1543233160786,"endTime":0,"childRecords":[],"interuppted":false}],"interuppted":false},{"index":2,"isIgnoredIfFailed":false,"type":"TEST_STEP","name":"verifyResponseStatusCode","message":"Verify response status code successfully","description":"","startTime":1543233160790,"endTime":1543233160843,"childRecords":[{"testStatus":{"stackTrace":"","statusValue":"PASSED"},"type":"MESSAGE","name":"","message":"Verify response status code successfully","startTime":1543233160842,"endTime":0,"childRecords":[],"interuppted":false}],"interuppted":false},{"testStatus":{"stackTrace":"","statusValue":"PASSED"},"type":"MESSAGE","name":"","message":"Test Cases/assessment testcase/list of breed","startTime":1543233160845,"endTime":0,"childRecords":[],"interuppted":false}],"interuppted":false},{"isOptional":false,"type":"TEST_CASE","name":"Test Cases/assessment testcase/verify the retrieve","id":"Test Cases/assessment testcase/verify the retrieve","source":"C:\\\\Users\\\\HP\\\\Katalon Studio\\\\ally\\\\Test Cases\\\\assessment testcase\\\\verify the retrieve.tc","message":"Test Cases/assessment testcase/verify the retrieve","description":"","startTime":1543233160903,"endTime":1543233161546,"childRecords":[{"testStatus":{"stackTrace":"","statusValue":"INFO"},"type":"MESSAGE","name":"","message":"Evaluating variables for test case","startTime":1543233160911,"endTime":0,"childRecords":[],"interuppted":false},{"index":1,"isIgnoredIfFailed":false,"type":"TEST_STEP","name":"Statement - a \u003d com.kms.katalon.core.webservice.keyword.WSBuiltInKeywords.sendRequest(com.kms.katalon.core.testobject.ObjectRepository.findTestObject(THEassessment/Requesting list of breeds))","message":"Send request successfully","description":"","startTime":1543233161095,"endTime":1543233161502,"childRecords":[{"testStatus":{"stackTrace":"","statusValue":"PASSED"},"type":"MESSAGE","name":"","message":"Send request successfully","startTime":1543233161502,"endTime":0,"childRecords":[],"interuppted":false}],"interuppted":false},{"index":2,"isIgnoredIfFailed":false,"type":"TEST_STEP","name":"verifyResponseStatusCode","message":"Verify response status code successfully","description":"","startTime":1543233161504,"endTime":1543233161505,"childRecords":[{"testStatus":{"stackTrace":"","statusValue":"PASSED"},"type":"MESSAGE","name":"","message":"Verify response status code successfully","startTime":1543233161505,"endTime":0,"childRecords":[],"interuppted":false}],"interuppted":false},{"index":3,"isIgnoredIfFailed":false,"type":"TEST_STEP","name":"containsString","message":"Check contain string successfully","description":"","startTime":1543233161506,"endTime":1543233161545,"childRecords":[{"testStatus":{"stackTrace":"","statusValue":"PASSED"},"type":"MESSAGE","name":"","message":"Check contain string successfully","startTime":1543233161545,"endTime":0,"childRecords":[],"interuppted":false}],"interuppted":false},{"testStatus":{"stackTrace":"","statusValue":"PASSED"},"type":"MESSAGE","name":"","message":"Test Cases/assessment testcase/verify the retrieve","startTime":1543233161545,"endTime":0,"childRecords":[],"interuppted":false}],"interuppted":false},{"isOptional":false,"type":"TEST_CASE","name":"Test Cases/assessment testcase/verify Sub-breeds","id":"Test Cases/assessment testcase/verify Sub-breeds","source":"C:\\\\Users\\\\HP\\\\Katalon Studio\\\\ally\\\\Test Cases\\\\assessment testcase\\\\verify Sub-breeds.tc","message":"Test Cases/assessment testcase/verify Sub-breeds","description":"","startTime":1543233161547,"endTime":1543233162032,"childRecords":[{"testStatus":{"stackTrace":"","statusValue":"INFO"},"type":"MESSAGE","name":"","message":"Evaluating variables for test case","startTime":1543233161581,"endTime":0,"childRecords":[],"interuppted":false},{"index":1,"isIgnoredIfFailed":false,"type":"TEST_STEP","name":"Statement - dream \u003d com.kms.katalon.core.webservice.keyword.WSBuiltInKeywords.sendRequest(com.kms.katalon.core.testobject.ObjectRepository.findTestObject(THEassessment/request sub-breeds list))","message":"Send request successfully","description":"","startTime":1543233161797,"endTime":1543233162025,"childRecords":[{"testStatus":{"stackTrace":"","statusValue":"PASSED"},"type":"MESSAGE","name":"","message":"Send request successfully","startTime":1543233162023,"endTime":0,"childRecords":[],"interuppted":false}],"interuppted":false},{"index":2,"isIgnoredIfFailed":false,"type":"TEST_STEP","name":"verifyResponseStatusCode","message":"Verify response status code successfully","description":"","startTime":1543233162026,"endTime":1543233162030,"childRecords":[{"testStatus":{"stackTrace":"","statusValue":"PASSED"},"type":"MESSAGE","name":"","message":"Verify response status code successfully","startTime":1543233162029,"endTime":0,"childRecords":[],"interuppted":false}],"interuppted":false},{"testStatus":{"stackTrace":"","statusValue":"PASSED"},"type":"MESSAGE","name":"","message":"Test Cases/assessment testcase/verify Sub-breeds","startTime":1543233162031,"endTime":0,"childRecords":[],"interuppted":false}],"interuppted":false}],"interuppted":false}