Suite/Test/Step Name,Browser,Description,Start time,End time,Duration,Status
ABSA,,,2018-11-26 13:58:11,2018-11-26 13:58:14,2.980s,PASSED
,,,,,,
Test Cases/assessment testcase/list of breed,,,2018-11-26 13:58:11,2018-11-26 13:58:12,1.395s,PASSED
Statement - response = com.kms.katalon.core.webservice.keyword.WSBuiltInKeywords.sendRequest(com.kms.katalon.core.testobject.ObjectRepository.findTestObject(THEassessment/Requesting list of breeds)),,,2018-11-26 13:58:11,2018-11-26 13:58:12,1.011s,PASSED
verifyResponseStatusCode,,,2018-11-26 13:58:12,2018-11-26 13:58:12,0.020s,PASSED
,,,,,,
Test Cases/assessment testcase/verify the retrieve,,,2018-11-26 13:58:12,2018-11-26 13:58:13,0.675s,PASSED
Statement - a = com.kms.katalon.core.webservice.keyword.WSBuiltInKeywords.sendRequest(com.kms.katalon.core.testobject.ObjectRepository.findTestObject(THEassessment/Requesting list of breeds)),,,2018-11-26 13:58:13,2018-11-26 13:58:13,0.419s,PASSED
verifyResponseStatusCode,,,2018-11-26 13:58:13,2018-11-26 13:58:13,0.006s,PASSED
containsString,,,2018-11-26 13:58:13,2018-11-26 13:58:13,0.045s,PASSED
,,,,,,
Test Cases/assessment testcase/verify Sub-breeds,,,2018-11-26 13:58:13,2018-11-26 13:58:14,0.473s,PASSED
Statement - dream = com.kms.katalon.core.webservice.keyword.WSBuiltInKeywords.sendRequest(com.kms.katalon.core.testobject.ObjectRepository.findTestObject(THEassessment/request sub-breeds list)),,,2018-11-26 13:58:13,2018-11-26 13:58:14,0.225s,PASSED
verifyResponseStatusCode,,,2018-11-26 13:58:14,2018-11-26 13:58:14,0.002s,PASSED
