{"devicePlatform":"","logFolder":"C:\\Users\\HP\\Katalon Studio\\ally\\Reports\\MyTestSuite\\ABSA\\20181126_135808","runData":{"hostName":"HP - LUTHULCOMP1","hostAddress":"192.168.1.134","os":"Windows 7 64bit","katalonVersion":"5.8.6.1"},"type":"TEST_SUITE","name":"ABSA","id":"Test Suites/MyTestSuite/ABSA","source":"","message":"Test Cases/assessment testcase/verify Sub-breeds","description":"","startTime":1543233491118,"endTime":1543233494098,"childRecords":[{"isOptional":false,"type":"TEST_CASE","name":"Test Cases/assessment testcase/list of breed","id":"Test Cases/assessment testcase/list of breed","source":"C:\\\\Users\\\\HP\\\\Katalon Studio\\\\ally\\\\Test Cases\\\\assessment testcase\\\\list of breed.tc","message":"Test Cases/assessment testcase/list of breed","description":"","startTime":1543233491487,"endTime":1543233492882,"childRecords":[{"testStatus":{"stackTrace":"","statusValue":"INFO"},"type":"MESSAGE","name":"","message":"Evaluating variables for test case","startTime":1543233491514,"endTime":0,"childRecords":[],"interuppted":false},{"index":1,"isIgnoredIfFailed":false,"type":"TEST_STEP","name":"Statement - response \u003d com.kms.katalon.core.webservice.keyword.WSBuiltInKeywords.sendRequest(com.kms.katalon.core.testobject.ObjectRepository.findTestObject(THEassessment/Requesting list of breeds))","message":"Send request successfully","description":"","startTime":1543233491849,"endTime":1543233492860,"childRecords":[{"testStatus":{"stackTrace":"","statusValue":"PASSED"},"type":"MESSAGE","name":"","message":"Send request successfully","startTime":1543233492858,"endTime":0,"childRecords":[],"interuppted":false}],"interuppted":false},{"index":2,"isIgnoredIfFailed":false,"type":"TEST_STEP","name":"verifyResponseStatusCode","message":"Verify response status code successfully","description":"","startTime":1543233492861,"endTime":1543233492881,"childRecords":[{"testStatus":{"stackTrace":"","statusValue":"PASSED"},"type":"MESSAGE","name":"","message":"Verify response status code successfully","startTime":1543233492881,"endTime":0,"childRecords":[],"interuppted":false}],"interuppted":false},{"testStatus":{"stackTrace":"","statusValue":"PASSED"},"type":"MESSAGE","name":"","message":"Test Cases/assessment testcase/list of breed","startTime":1543233492882,"endTime":0,"childRecords":[],"interuppted":false}],"interuppted":false},{"isOptional":false,"type":"TEST_CASE","name":"Test Cases/assessment testcase/verify the retrieve","id":"Test Cases/assessment testcase/verify the retrieve","source":"C:\\\\Users\\\\HP\\\\Katalon Studio\\\\ally\\\\Test Cases\\\\assessment testcase\\\\verify the retrieve.tc","message":"Test Cases/assessment testcase/verify the retrieve","description":"","startTime":1543233492885,"endTime":1543233493560,"childRecords":[{"testStatus":{"stackTrace":"","statusValue":"INFO"},"type":"MESSAGE","name":"","message":"Evaluating variables for test case","startTime":1543233492891,"endTime":0,"childRecords":[],"interuppted":false},{"index":1,"isIgnoredIfFailed":false,"type":"TEST_STEP","name":"Statement - a \u003d com.kms.katalon.core.webservice.keyword.WSBuiltInKeywords.sendRequest(com.kms.katalon.core.testobject.ObjectRepository.findTestObject(THEassessment/Requesting list of breeds))","message":"Send request successfully","description":"","startTime":1543233493080,"endTime":1543233493499,"childRecords":[{"testStatus":{"stackTrace":"","statusValue":"PASSED"},"type":"MESSAGE","name":"","message":"Send request successfully","startTime":1543233493497,"endTime":0,"childRecords":[],"interuppted":false}],"interuppted":false},{"index":2,"isIgnoredIfFailed":false,"type":"TEST_STEP","name":"verifyResponseStatusCode","message":"Verify response status code successfully","description":"","startTime":1543233493500,"endTime":1543233493506,"childRecords":[{"testStatus":{"stackTrace":"","statusValue":"PASSED"},"type":"MESSAGE","name":"","message":"Verify response status code successfully","startTime":1543233493505,"endTime":0,"childRecords":[],"interuppted":false}],"interuppted":false},{"index":3,"isIgnoredIfFailed":false,"type":"TEST_STEP","name":"containsString","message":"Check contain string successfully","description":"","startTime":1543233493507,"endTime":1543233493552,"childRecords":[{"testStatus":{"stackTrace":"","statusValue":"PASSED"},"type":"MESSAGE","name":"","message":"Check contain string successfully","startTime":1543233493551,"endTime":0,"childRecords":[],"interuppted":false}],"interuppted":false},{"testStatus":{"stackTrace":"","statusValue":"PASSED"},"type":"MESSAGE","name":"","message":"Test Cases/assessment testcase/verify the retrieve","startTime":1543233493553,"endTime":0,"childRecords":[],"interuppted":false}],"interuppted":false},{"isOptional":false,"type":"TEST_CASE","name":"Test Cases/assessment testcase/verify Sub-breeds","id":"Test Cases/assessment testcase/verify Sub-breeds","source":"C:\\\\Users\\\\HP\\\\Katalon Studio\\\\ally\\\\Test Cases\\\\assessment testcase\\\\verify Sub-breeds.tc","message":"Test Cases/assessment testcase/verify Sub-breeds","description":"","startTime":1543233493564,"endTime":1543233494037,"childRecords":[{"testStatus":{"stackTrace":"","statusValue":"INFO"},"type":"MESSAGE","name":"","message":"Evaluating variables for test case","startTime":1543233493572,"endTime":0,"childRecords":[],"interuppted":false},{"index":1,"isIgnoredIfFailed":false,"type":"TEST_STEP","name":"Statement - dream \u003d com.kms.katalon.core.webservice.keyword.WSBuiltInKeywords.sendRequest(com.kms.katalon.core.testobject.ObjectRepository.findTestObject(THEassessment/request sub-breeds list))","message":"Send request successfully","description":"","startTime":1543233493808,"endTime":1543233494033,"childRecords":[{"testStatus":{"stackTrace":"","statusValue":"PASSED"},"type":"MESSAGE","name":"","message":"Send request successfully","startTime":1543233494032,"endTime":0,"childRecords":[],"interuppted":false}],"interuppted":false},{"index":2,"isIgnoredIfFailed":false,"type":"TEST_STEP","name":"verifyResponseStatusCode","message":"Verify response status code successfully","description":"","startTime":1543233494034,"endTime":1543233494036,"childRecords":[{"testStatus":{"stackTrace":"","statusValue":"PASSED"},"type":"MESSAGE","name":"","message":"Verify response status code successfully","startTime":1543233494036,"endTime":0,"childRecords":[],"interuppted":false}],"interuppted":false},{"testStatus":{"stackTrace":"","statusValue":"PASSED"},"type":"MESSAGE","name":"","message":"Test Cases/assessment testcase/verify Sub-breeds","startTime":1543233494037,"endTime":0,"childRecords":[],"interuppted":false}],"interuppted":false}],"interuppted":false}