Suite/Test/Step Name,Browser,Description,Start time,End time,Duration,Status
ABSA,,,2018-11-22 15:46:31,2018-11-22 15:46:54,22.910s,PASSED
,,,,,,
Test Cases/assessment testcase/list of breed,,,2018-11-22 15:46:32,2018-11-22 15:46:48,15.663s,PASSED
Statement - response = com.kms.katalon.core.webservice.keyword.WSBuiltInKeywords.sendRequest(com.kms.katalon.core.testobject.ObjectRepository.findTestObject(THEassessment/Requesting list of breeds)),,,2018-11-22 15:46:32,2018-11-22 15:46:48,15.209s,PASSED
verifyResponseStatusCode,,,2018-11-22 15:46:48,2018-11-22 15:46:48,0.087s,PASSED
,,,,,,
Test Cases/assessment testcase/verify the retrieve,,,2018-11-22 15:46:48,2018-11-22 15:46:49,0.770s,PASSED
Statement - a = com.kms.katalon.core.webservice.keyword.WSBuiltInKeywords.sendRequest(com.kms.katalon.core.testobject.ObjectRepository.findTestObject(THEassessment/Requesting list of breeds)),,,2018-11-22 15:46:48,2018-11-22 15:46:48,0.418s,PASSED
verifyResponseStatusCode,,,2018-11-22 15:46:48,2018-11-22 15:46:48,0.012s,PASSED
containsString,,,2018-11-22 15:46:48,2018-11-22 15:46:49,0.054s,PASSED
,,,,,,
Test Cases/assessment testcase/verify image for golden,,this for them bitches!!!!!!!!,2018-11-22 15:46:49,2018-11-22 15:46:50,1.385s,PASSED
Statement - b = com.kms.katalon.core.webservice.keyword.WSBuiltInKeywords.sendRequest(com.kms.katalon.core.testobject.ObjectRepository.findTestObject(THEassessment/request image for Golden)),,,2018-11-22 15:46:49,2018-11-22 15:46:50,1.101s,PASSED
verifyResponseStatusCode,,,2018-11-22 15:46:50,2018-11-22 15:46:50,0.004s,PASSED
,,,,,,
Test Cases/assessment testcase/verify Sub-breeds,,,2018-11-22 15:46:50,2018-11-22 15:46:51,0.858s,PASSED
Statement - dream = com.kms.katalon.core.webservice.keyword.WSBuiltInKeywords.sendRequest(com.kms.katalon.core.testobject.ObjectRepository.findTestObject(THEassessment/request sub-breeds list)),,,2018-11-22 15:46:50,2018-11-22 15:46:51,0.569s,PASSED
verifyResponseStatusCode,,,2018-11-22 15:46:51,2018-11-22 15:46:51,0.004s,PASSED
