{"devicePlatform":"","logFolder":"C:\\Users\\HP\\Katalon Studio\\ally\\Reports\\MyTestSuite\\ABSA\\20181122_154617","runData":{"hostName":"HP - LUTHULCOMP1","hostAddress":"192.168.1.134","os":"Windows 7 64bit","katalonVersion":"5.8.6.1"},"type":"TEST_SUITE","name":"ABSA","id":"Test Suites/MyTestSuite/ABSA","source":"","message":"Test Cases/assessment testcase/verify Sub-breeds","description":"","startTime":1542894391289,"endTime":1542894414199,"childRecords":[{"isOptional":false,"type":"TEST_CASE","name":"Test Cases/assessment testcase/list of breed","id":"Test Cases/assessment testcase/list of breed","source":"C:\\\\Users\\\\HP\\\\Katalon Studio\\\\ally\\\\Test Cases\\\\assessment testcase\\\\list of breed.tc","message":"Test Cases/assessment testcase/list of breed","description":"","startTime":1542894392569,"endTime":1542894408232,"childRecords":[{"testStatus":{"stackTrace":"","statusValue":"INFO"},"type":"MESSAGE","name":"","message":"Evaluating variables for test case","startTime":1542894392590,"endTime":0,"childRecords":[],"interuppted":false},{"index":1,"isIgnoredIfFailed":false,"type":"TEST_STEP","name":"Statement - response \u003d com.kms.katalon.core.webservice.keyword.WSBuiltInKeywords.sendRequest(com.kms.katalon.core.testobject.ObjectRepository.findTestObject(THEassessment/Requesting list of breeds))","message":"Send request successfully","description":"","startTime":1542894392929,"endTime":1542894408138,"childRecords":[{"testStatus":{"stackTrace":"","statusValue":"PASSED"},"type":"MESSAGE","name":"","message":"Send request successfully","startTime":1542894408133,"endTime":0,"childRecords":[],"interuppted":false}],"interuppted":false},{"index":2,"isIgnoredIfFailed":false,"type":"TEST_STEP","name":"verifyResponseStatusCode","message":"Verify response status code successfully","description":"","startTime":1542894408143,"endTime":1542894408230,"childRecords":[{"testStatus":{"stackTrace":"","statusValue":"PASSED"},"type":"MESSAGE","name":"","message":"Verify response status code successfully","startTime":1542894408228,"endTime":0,"childRecords":[],"interuppted":false}],"interuppted":false},{"testStatus":{"stackTrace":"","statusValue":"PASSED"},"type":"MESSAGE","name":"","message":"Test Cases/assessment testcase/list of breed","startTime":1542894408231,"endTime":0,"childRecords":[],"interuppted":false}],"interuppted":false},{"isOptional":false,"type":"TEST_CASE","name":"Test Cases/assessment testcase/verify the retrieve","id":"Test Cases/assessment testcase/verify the retrieve","source":"C:\\\\Users\\\\HP\\\\Katalon Studio\\\\ally\\\\Test Cases\\\\assessment testcase\\\\verify the retrieve.tc","message":"Test Cases/assessment testcase/verify the retrieve","description":"","startTime":1542894408254,"endTime":1542894409024,"childRecords":[{"testStatus":{"stackTrace":"","statusValue":"INFO"},"type":"MESSAGE","name":"","message":"Evaluating variables for test case","startTime":1542894408318,"endTime":0,"childRecords":[],"interuppted":false},{"index":1,"isIgnoredIfFailed":false,"type":"TEST_STEP","name":"Statement - a \u003d com.kms.katalon.core.webservice.keyword.WSBuiltInKeywords.sendRequest(com.kms.katalon.core.testobject.ObjectRepository.findTestObject(THEassessment/Requesting list of breeds))","message":"Send request successfully","description":"","startTime":1542894408522,"endTime":1542894408940,"childRecords":[{"testStatus":{"stackTrace":"","statusValue":"PASSED"},"type":"MESSAGE","name":"","message":"Send request successfully","startTime":1542894408938,"endTime":0,"childRecords":[],"interuppted":false}],"interuppted":false},{"index":2,"isIgnoredIfFailed":false,"type":"TEST_STEP","name":"verifyResponseStatusCode","message":"Verify response status code successfully","description":"","startTime":1542894408941,"endTime":1542894408953,"childRecords":[{"testStatus":{"stackTrace":"","statusValue":"PASSED"},"type":"MESSAGE","name":"","message":"Verify response status code successfully","startTime":1542894408951,"endTime":0,"childRecords":[],"interuppted":false}],"interuppted":false},{"index":3,"isIgnoredIfFailed":false,"type":"TEST_STEP","name":"containsString","message":"Check contain string successfully","description":"","startTime":1542894408954,"endTime":1542894409008,"childRecords":[{"testStatus":{"stackTrace":"","statusValue":"PASSED"},"type":"MESSAGE","name":"","message":"Check contain string successfully","startTime":1542894409008,"endTime":0,"childRecords":[],"interuppted":false}],"interuppted":false},{"testStatus":{"stackTrace":"","statusValue":"PASSED"},"type":"MESSAGE","name":"","message":"Test Cases/assessment testcase/verify the retrieve","startTime":1542894409024,"endTime":0,"childRecords":[],"interuppted":false}],"interuppted":false},{"isOptional":false,"type":"TEST_CASE","name":"Test Cases/assessment testcase/verify image for golden","id":"Test Cases/assessment testcase/verify image for golden","source":"C:\\\\Users\\\\HP\\\\Katalon Studio\\\\ally\\\\Test Cases\\\\assessment testcase\\\\verify image for golden.tc","message":"Test Cases/assessment testcase/verify image for golden","description":"this for them bitches!!!!!!!!","startTime":1542894409024,"endTime":1542894410409,"childRecords":[{"testStatus":{"stackTrace":"","statusValue":"INFO"},"type":"MESSAGE","name":"","message":"Evaluating variables for test case","startTime":1542894409145,"endTime":0,"childRecords":[],"interuppted":false},{"index":1,"isIgnoredIfFailed":false,"type":"TEST_STEP","name":"Statement - b \u003d com.kms.katalon.core.webservice.keyword.WSBuiltInKeywords.sendRequest(com.kms.katalon.core.testobject.ObjectRepository.findTestObject(THEassessment/request image for Golden))","message":"Send request successfully","description":"","startTime":1542894409301,"endTime":1542894410402,"childRecords":[{"testStatus":{"stackTrace":"","statusValue":"PASSED"},"type":"MESSAGE","name":"","message":"Send request successfully","startTime":1542894410400,"endTime":0,"childRecords":[],"interuppted":false}],"interuppted":false},{"index":2,"isIgnoredIfFailed":false,"type":"TEST_STEP","name":"verifyResponseStatusCode","message":"Verify response status code successfully","description":"","startTime":1542894410403,"endTime":1542894410407,"childRecords":[{"testStatus":{"stackTrace":"","statusValue":"PASSED"},"type":"MESSAGE","name":"","message":"Verify response status code successfully","startTime":1542894410406,"endTime":0,"childRecords":[],"interuppted":false}],"interuppted":false},{"testStatus":{"stackTrace":"","statusValue":"PASSED"},"type":"MESSAGE","name":"","message":"Test Cases/assessment testcase/verify image for golden","startTime":1542894410408,"endTime":0,"childRecords":[],"interuppted":false}],"interuppted":false},{"isOptional":false,"type":"TEST_CASE","name":"Test Cases/assessment testcase/verify Sub-breeds","id":"Test Cases/assessment testcase/verify Sub-breeds","source":"C:\\\\Users\\\\HP\\\\Katalon Studio\\\\ally\\\\Test Cases\\\\assessment testcase\\\\verify Sub-breeds.tc","message":"Test Cases/assessment testcase/verify Sub-breeds","description":"","startTime":1542894410428,"endTime":1542894411286,"childRecords":[{"testStatus":{"stackTrace":"","statusValue":"INFO"},"type":"MESSAGE","name":"","message":"Evaluating variables for test case","startTime":1542894410591,"endTime":0,"childRecords":[],"interuppted":false},{"index":1,"isIgnoredIfFailed":false,"type":"TEST_STEP","name":"Statement - dream \u003d com.kms.katalon.core.webservice.keyword.WSBuiltInKeywords.sendRequest(com.kms.katalon.core.testobject.ObjectRepository.findTestObject(THEassessment/request sub-breeds list))","message":"Send request successfully","description":"","startTime":1542894410707,"endTime":1542894411276,"childRecords":[{"testStatus":{"stackTrace":"","statusValue":"PASSED"},"type":"MESSAGE","name":"","message":"Send request successfully","startTime":1542894411275,"endTime":0,"childRecords":[],"interuppted":false}],"interuppted":false},{"index":2,"isIgnoredIfFailed":false,"type":"TEST_STEP","name":"verifyResponseStatusCode","message":"Verify response status code successfully","description":"","startTime":1542894411277,"endTime":1542894411281,"childRecords":[{"testStatus":{"stackTrace":"","statusValue":"PASSED"},"type":"MESSAGE","name":"","message":"Verify response status code successfully","startTime":1542894411281,"endTime":0,"childRecords":[],"interuppted":false}],"interuppted":false},{"testStatus":{"stackTrace":"","statusValue":"PASSED"},"type":"MESSAGE","name":"","message":"Test Cases/assessment testcase/verify Sub-breeds","startTime":1542894411282,"endTime":0,"childRecords":[],"interuppted":false}],"interuppted":false}],"interuppted":false}