Suite/Test/Step Name,Browser,Description,Start time,End time,Duration,Status
AbsaAssessmentTestsuite,,"- Perform an API request to produce a list of all dog breeds. \r\n- Using code, verify \u201Cretriever\u201D breed is within the list. \r\n- Perform an API request to produce a list of sub-breeds for \u201Cretriever\u201D. \r\n- Perform an API request to produce a random image / link for the sub-   breed \u201Cgolden\u201D",2018-11-27 10:11:22,2018-11-27 10:11:26,3.854s,PASSED
,,,,,,
Test Cases/ABSA_Testcase/verify_list_of_all_dog_breeds,,,2018-11-27 10:11:22,2018-11-27 10:11:24,1.491s,PASSED
Statement - results = com.kms.katalon.core.webservice.keyword.WSBuiltInKeywords.sendRequest(com.kms.katalon.core.testobject.ObjectRepository.findTestObject(URL_Requests/List_of_all_dog_breeds_Request)),,,2018-11-27 10:11:23,2018-11-27 10:11:24,0.982s,PASSED
verifyResponseStatusCode,,,2018-11-27 10:11:24,2018-11-27 10:11:24,0.018s,PASSED
comment,,,2018-11-27 10:11:24,2018-11-27 10:11:24,0.042s,PASSED
,,,,,,
Test Cases/ABSA_Testcase/verify_list_of_sub-breeds,,,2018-11-27 10:11:24,2018-11-27 10:11:24,0.652s,PASSED
Statement - response = com.kms.katalon.core.webservice.keyword.WSBuiltInKeywords.sendRequest(com.kms.katalon.core.testobject.ObjectRepository.findTestObject(URL_Requests/List_of_sub-breeds_Request)),,,2018-11-27 10:11:24,2018-11-27 10:11:24,0.468s,PASSED
verifyResponseStatusCode,,,2018-11-27 10:11:24,2018-11-27 10:11:24,0.007s,PASSED
,,,,,,
Test Cases/ABSA_Testcase/verify_random_image_link_for_golden,,,2018-11-27 10:11:25,2018-11-27 10:11:25,0.454s,PASSED
Statement - a = com.kms.katalon.core.webservice.keyword.WSBuiltInKeywords.sendRequest(com.kms.katalon.core.testobject.ObjectRepository.findTestObject(URL_Requests/Random_image_link_for_golden_request)),,,2018-11-27 10:11:25,2018-11-27 10:11:25,0.247s,PASSED
verifyResponseStatusCode,,,2018-11-27 10:11:25,2018-11-27 10:11:25,0.005s,PASSED
,,,,,,
Test Cases/ABSA_Testcase/verify_Retriever_breed_is_within_the_list,,"Using code, verify “retriever” breed is within the list.",2018-11-27 10:11:25,2018-11-27 10:11:26,0.595s,PASSED
Statement - results = com.kms.katalon.core.webservice.keyword.WSBuiltInKeywords.sendRequest(com.kms.katalon.core.testobject.ObjectRepository.findTestObject(URL_Requests/List_of_all_dog_breeds_Request)),,,2018-11-27 10:11:25,2018-11-27 10:11:26,0.399s,PASSED
verifyResponseStatusCode,,,2018-11-27 10:11:26,2018-11-27 10:11:26,0.004s,PASSED
containsString,,,2018-11-27 10:11:26,2018-11-27 10:11:26,0.015s,PASSED
