{"devicePlatform":"","logFolder":"C:\\Users\\HP\\Katalon Studio\\ABSA_ASSESSMENT\\Reports\\ABSA_Testsuite\\AbsaAssessmentTestsuite\\20181127_101120","runData":{"hostName":"HP - LUTHULCOMP1","hostAddress":"192.168.1.134","os":"Windows 7 64bit","katalonVersion":"5.8.6.1"},"type":"TEST_SUITE","name":"AbsaAssessmentTestsuite","id":"Test Suites/ABSA_Testsuite/AbsaAssessmentTestsuite","source":"","message":"Test Cases/ABSA_Testcase/verify_Retriever_breed_is_within_the_list","description":"- Perform an API request to produce a list of all dog breeds. \\r\\n- Using code, verify \\u201Cretriever\\u201D breed is within the list. \\r\\n- Perform an API request to produce a list of sub-breeds for \\u201Cretriever\\u201D. \\r\\n- Perform an API request to produce a random image / link for the sub-   breed \\u201Cgolden\\u201D","startTime":1543306282356,"endTime":1543306286210,"childRecords":[{"isOptional":false,"type":"TEST_CASE","name":"Test Cases/ABSA_Testcase/verify_list_of_all_dog_breeds","id":"Test Cases/ABSA_Testcase/verify_list_of_all_dog_breeds","source":"C:\\\\Users\\\\HP\\\\Katalon Studio\\\\ABSA_ASSESSMENT\\\\Test Cases\\\\ABSA_Testcase\\\\verify_list_of_all_dog_breeds.tc","message":"Test Cases/ABSA_Testcase/verify_list_of_all_dog_breeds","description":"","startTime":1543306282849,"endTime":1543306284340,"childRecords":[{"testStatus":{"stackTrace":"","statusValue":"INFO"},"type":"MESSAGE","name":"","message":"Evaluating variables for test case","startTime":1543306282882,"endTime":0,"childRecords":[],"interuppted":false},{"index":1,"isIgnoredIfFailed":false,"type":"TEST_STEP","name":"Statement - results \u003d com.kms.katalon.core.webservice.keyword.WSBuiltInKeywords.sendRequest(com.kms.katalon.core.testobject.ObjectRepository.findTestObject(URL_Requests/List_of_all_dog_breeds_Request))","message":"Send request successfully","description":"","startTime":1543306283275,"endTime":1543306284257,"childRecords":[{"testStatus":{"stackTrace":"","statusValue":"PASSED"},"type":"MESSAGE","name":"","message":"Send request successfully","startTime":1543306284254,"endTime":0,"childRecords":[],"interuppted":false}],"interuppted":false},{"index":2,"isIgnoredIfFailed":false,"type":"TEST_STEP","name":"verifyResponseStatusCode","message":"Verify response status code successfully","description":"","startTime":1543306284273,"endTime":1543306284291,"childRecords":[{"testStatus":{"stackTrace":"","statusValue":"PASSED"},"type":"MESSAGE","name":"","message":"Verify response status code successfully","startTime":1543306284290,"endTime":0,"childRecords":[],"interuppted":false}],"interuppted":false},{"index":3,"isIgnoredIfFailed":false,"type":"TEST_STEP","name":"comment","message":"list of breed is successfully verified","description":"","startTime":1543306284296,"endTime":1543306284338,"childRecords":[],"interuppted":false},{"testStatus":{"stackTrace":"","statusValue":"PASSED"},"type":"MESSAGE","name":"","message":"Test Cases/ABSA_Testcase/verify_list_of_all_dog_breeds","startTime":1543306284339,"endTime":0,"childRecords":[],"interuppted":false}],"interuppted":false},{"isOptional":false,"type":"TEST_CASE","name":"Test Cases/ABSA_Testcase/verify_list_of_sub-breeds","id":"Test Cases/ABSA_Testcase/verify_list_of_sub-breeds","source":"C:\\\\Users\\\\HP\\\\Katalon Studio\\\\ABSA_ASSESSMENT\\\\Test Cases\\\\ABSA_Testcase\\\\verify_list_of_sub-breeds.tc","message":"Test Cases/ABSA_Testcase/verify_list_of_sub-breeds","description":"","startTime":1543306284343,"endTime":1543306284995,"childRecords":[{"testStatus":{"stackTrace":"","statusValue":"INFO"},"type":"MESSAGE","name":"","message":"Evaluating variables for test case","startTime":1543306284354,"endTime":0,"childRecords":[],"interuppted":false},{"index":1,"isIgnoredIfFailed":false,"type":"TEST_STEP","name":"Statement - response \u003d com.kms.katalon.core.webservice.keyword.WSBuiltInKeywords.sendRequest(com.kms.katalon.core.testobject.ObjectRepository.findTestObject(URL_Requests/List_of_sub-breeds_Request))","message":"Send request successfully","description":"","startTime":1543306284514,"endTime":1543306284982,"childRecords":[{"testStatus":{"stackTrace":"","statusValue":"PASSED"},"type":"MESSAGE","name":"","message":"Send request successfully","startTime":1543306284980,"endTime":0,"childRecords":[],"interuppted":false}],"interuppted":false},{"index":2,"isIgnoredIfFailed":false,"type":"TEST_STEP","name":"verifyResponseStatusCode","message":"Verify response status code successfully","description":"","startTime":1543306284985,"endTime":1543306284992,"childRecords":[{"testStatus":{"stackTrace":"","statusValue":"PASSED"},"type":"MESSAGE","name":"","message":"Verify response status code successfully","startTime":1543306284990,"endTime":0,"childRecords":[],"interuppted":false}],"interuppted":false},{"testStatus":{"stackTrace":"","statusValue":"PASSED"},"type":"MESSAGE","name":"","message":"Test Cases/ABSA_Testcase/verify_list_of_sub-breeds","startTime":1543306284993,"endTime":0,"childRecords":[],"interuppted":false}],"interuppted":false},{"isOptional":false,"type":"TEST_CASE","name":"Test Cases/ABSA_Testcase/verify_random_image_link_for_golden","id":"Test Cases/ABSA_Testcase/verify_random_image_link_for_golden","source":"C:\\\\Users\\\\HP\\\\Katalon Studio\\\\ABSA_ASSESSMENT\\\\Test Cases\\\\ABSA_Testcase\\\\verify_random_image_link_for_golden.tc","message":"Test Cases/ABSA_Testcase/verify_random_image_link_for_golden","description":"","startTime":1543306285003,"endTime":1543306285457,"childRecords":[{"testStatus":{"stackTrace":"","statusValue":"INFO"},"type":"MESSAGE","name":"","message":"Evaluating variables for test case","startTime":1543306285025,"endTime":0,"childRecords":[],"interuppted":false},{"index":1,"isIgnoredIfFailed":false,"type":"TEST_STEP","name":"Statement - a \u003d com.kms.katalon.core.webservice.keyword.WSBuiltInKeywords.sendRequest(com.kms.katalon.core.testobject.ObjectRepository.findTestObject(URL_Requests/Random_image_link_for_golden_request))","message":"Send request successfully","description":"","startTime":1543306285202,"endTime":1543306285449,"childRecords":[{"testStatus":{"stackTrace":"","statusValue":"PASSED"},"type":"MESSAGE","name":"","message":"Send request successfully","startTime":1543306285447,"endTime":0,"childRecords":[],"interuppted":false}],"interuppted":false},{"index":2,"isIgnoredIfFailed":false,"type":"TEST_STEP","name":"verifyResponseStatusCode","message":"Verify response status code successfully","description":"","startTime":1543306285450,"endTime":1543306285455,"childRecords":[{"testStatus":{"stackTrace":"","statusValue":"PASSED"},"type":"MESSAGE","name":"","message":"Verify response status code successfully","startTime":1543306285454,"endTime":0,"childRecords":[],"interuppted":false}],"interuppted":false},{"testStatus":{"stackTrace":"","statusValue":"PASSED"},"type":"MESSAGE","name":"","message":"Test Cases/ABSA_Testcase/verify_random_image_link_for_golden","startTime":1543306285456,"endTime":0,"childRecords":[],"interuppted":false}],"interuppted":false},{"isOptional":false,"type":"TEST_CASE","name":"Test Cases/ABSA_Testcase/verify_Retriever_breed_is_within_the_list","id":"Test Cases/ABSA_Testcase/verify_Retriever_breed_is_within_the_list","source":"C:\\\\Users\\\\HP\\\\Katalon Studio\\\\ABSA_ASSESSMENT\\\\Test Cases\\\\ABSA_Testcase\\\\verify_Retriever_breed_is_within_the_list.tc","message":"Test Cases/ABSA_Testcase/verify_Retriever_breed_is_within_the_list","description":"Using code, verify “retriever” breed is within the list.","startTime":1543306285465,"endTime":1543306286060,"childRecords":[{"testStatus":{"stackTrace":"","statusValue":"INFO"},"type":"MESSAGE","name":"","message":"Evaluating variables for test case","startTime":1543306285484,"endTime":0,"childRecords":[],"interuppted":false},{"index":1,"isIgnoredIfFailed":false,"type":"TEST_STEP","name":"Statement - results \u003d com.kms.katalon.core.webservice.keyword.WSBuiltInKeywords.sendRequest(com.kms.katalon.core.testobject.ObjectRepository.findTestObject(URL_Requests/List_of_all_dog_breeds_Request))","message":"Send request successfully","description":"","startTime":1543306285640,"endTime":1543306286039,"childRecords":[{"testStatus":{"stackTrace":"","statusValue":"PASSED"},"type":"MESSAGE","name":"","message":"Send request successfully","startTime":1543306286038,"endTime":0,"childRecords":[],"interuppted":false}],"interuppted":false},{"index":2,"isIgnoredIfFailed":false,"type":"TEST_STEP","name":"verifyResponseStatusCode","message":"Verify response status code successfully","description":"","startTime":1543306286040,"endTime":1543306286044,"childRecords":[{"testStatus":{"stackTrace":"","statusValue":"PASSED"},"type":"MESSAGE","name":"","message":"Verify response status code successfully","startTime":1543306286043,"endTime":0,"childRecords":[],"interuppted":false}],"interuppted":false},{"index":3,"isIgnoredIfFailed":false,"type":"TEST_STEP","name":"containsString","message":"Check contain string successfully","description":"","startTime":1543306286044,"endTime":1543306286059,"childRecords":[{"testStatus":{"stackTrace":"","statusValue":"PASSED"},"type":"MESSAGE","name":"","message":"Check contain string successfully","startTime":1543306286058,"endTime":0,"childRecords":[],"interuppted":false}],"interuppted":false},{"testStatus":{"stackTrace":"","statusValue":"PASSED"},"type":"MESSAGE","name":"","message":"Test Cases/ABSA_Testcase/verify_Retriever_breed_is_within_the_list","startTime":1543306286059,"endTime":0,"childRecords":[],"interuppted":false}],"interuppted":false}],"interuppted":false}