Suite/Test/Step Name,Browser,Description,Start time,End time,Duration,Status
ABSA,,,2018-11-16 10:32:13,2018-11-16 10:32:16,2.584s,FAILED
,,,,,,
Test Cases/TC01_REST_Verify Email from list of Comments,,Verify comment's email from,2018-11-16 10:32:14,2018-11-16 10:32:15,1.307s,PASSED
Statement - response = com.kms.katalon.core.webservice.keyword.WSBuiltInKeywords.sendRequest(com.kms.katalon.core.testobject.ObjectRepository.findTestObject(REST_CommentDetails)),,Send a SOAP request and returns its response,2018-11-16 10:32:14,2018-11-16 10:32:15,0.786s,PASSED
verifyElementPropertyValue,,Verify if comment's email after sending request is correct or not,2018-11-16 10:32:15,2018-11-16 10:32:15,0.085s,PASSED
,,,,,,
Test Cases/TC02_SOAP_Verify Converted Weight,,Verify if converted weight after sending request is correct or not,2018-11-16 10:32:15,2018-11-16 10:32:16,0.717s,FAILED
Statement - response = com.kms.katalon.core.webservice.keyword.WSBuiltInKeywords.sendRequest(com.kms.katalon.core.testobject.ObjectRepository.findTestObject(SOAP_ConvertWeight)),,Send a SOAP request and returns its response,2018-11-16 10:32:15,2018-11-16 10:32:16,0.474s,FAILED
