Suite/Test/Step Name,Browser,Description,Start time,End time,Duration,Status
ABSA,,,2018-11-16 10:33:01,2018-11-16 10:33:03,2.432s,FAILED
,,,,,,
Test Cases/TC01_REST_Verify Email from list of Comments,,Verify comment's email from,2018-11-16 10:33:01,2018-11-16 10:33:03,1.176s,PASSED
Statement - response = com.kms.katalon.core.webservice.keyword.WSBuiltInKeywords.sendRequest(com.kms.katalon.core.testobject.ObjectRepository.findTestObject(REST_CommentDetails)),,Send a SOAP request and returns its response,2018-11-16 10:33:02,2018-11-16 10:33:02,0.636s,PASSED
verifyElementPropertyValue,,Verify if comment's email after sending request is correct or not,2018-11-16 10:33:02,2018-11-16 10:33:03,0.090s,PASSED
,,,,,,
Test Cases/TC02_SOAP_Verify Converted Weight,,Verify if converted weight after sending request is correct or not,2018-11-16 10:33:03,2018-11-16 10:33:03,0.700s,FAILED
Statement - response = com.kms.katalon.core.webservice.keyword.WSBuiltInKeywords.sendRequest(com.kms.katalon.core.testobject.ObjectRepository.findTestObject(SOAP_ConvertWeight)),,Send a SOAP request and returns its response,2018-11-16 10:33:03,2018-11-16 10:33:03,0.443s,FAILED
