Suite/Test/Step Name,Browser,Description,Start time,End time,Duration,Status
TS_RegressionTest,,,2018-11-16 11:13:31,2018-11-16 11:13:42,10.995s,FAILED
,,,,,,
Test Cases/TC01_REST_Verify Email from list of Comments,,Verify comment's email from,2018-11-16 11:13:33,2018-11-16 11:13:40,7.305s,PASSED
Statement - response = com.kms.katalon.core.webservice.keyword.WSBuiltInKeywords.sendRequest(com.kms.katalon.core.testobject.ObjectRepository.findTestObject(REST_CommentDetails)),,Send a SOAP request and returns its response,2018-11-16 11:13:33,2018-11-16 11:13:40,6.452s,PASSED
verifyElementPropertyValue,,Verify if comment's email after sending request is correct or not,2018-11-16 11:13:40,2018-11-16 11:13:40,0.398s,PASSED
,,,,,,
Test Cases/TC02_SOAP_Verify Converted Weight,,Verify if converted weight after sending request is correct or not,2018-11-16 11:13:40,2018-11-16 11:13:41,1.124s,FAILED
Statement - response = com.kms.katalon.core.webservice.keyword.WSBuiltInKeywords.sendRequest(com.kms.katalon.core.testobject.ObjectRepository.findTestObject(SOAP_ConvertWeight)),,Send a SOAP request and returns its response,2018-11-16 11:13:40,2018-11-16 11:13:41,0.858s,FAILED
